<annotation>
	<folder>n03804744</folder>
	<filename>n03804744_10522</filename>
	<source>
		<database>ImageNet database</database>
	</source>
	<size>
		<width>375</width>
		<height>500</height>
		<depth>3</depth>
	</size>
	<segmented>0</segmented>
	<object>
		<name>n03804744</name>
		<pose>Unspecified</pose>
		<truncated>0</truncated>
		<difficult>0</difficult>
		<bndbox>
			<xmin>201</xmin>
			<ymin>367</ymin>
			<xmax>255</xmax>
			<ymax>436</ymax>
		</bndbox>
	</object>
	<object>
		<name>n03804744</name>
		<pose>Unspecified</pose>
		<truncated>0</truncated>
		<difficult>0</difficult>
		<bndbox>
			<xmin>67</xmin>
			<ymin>301</ymin>
			<xmax>113</xmax>
			<ymax>336</ymax>
		</bndbox>
	</object>
	<object>
		<name>n03804744</name>
		<pose>Unspecified</pose>
		<truncated>0</truncated>
		<difficult>0</difficult>
		<bndbox>
			<xmin>37</xmin>
			<ymin>277</ymin>
			<xmax>77</xmax>
			<ymax>300</ymax>
		</bndbox>
	</object>
</annotation>