<annotation>
	<folder>n03804744</folder>
	<filename>n03804744_1789</filename>
	<source>
		<database>ImageNet database</database>
	</source>
	<size>
		<width>320</width>
		<height>240</height>
		<depth>3</depth>
	</size>
	<segmented>0</segmented>
	<object>
		<name>n03804744</name>
		<pose>Unspecified</pose>
		<truncated>0</truncated>
		<difficult>0</difficult>
		<bndbox>
			<xmin>204</xmin>
			<ymin>74</ymin>
			<xmax>270</xmax>
			<ymax>215</ymax>
		</bndbox>
	</object>
	<object>
		<name>n03804744</name>
		<pose>Unspecified</pose>
		<truncated>0</truncated>
		<difficult>0</difficult>
		<bndbox>
			<xmin>41</xmin>
			<ymin>88</ymin>
			<xmax>101</xmax>
			<ymax>206</ymax>
		</bndbox>
	</object>
</annotation>