<annotation>
	<folder>n03804744</folder>
	<filename>n03804744_29831</filename>
	<source>
		<database>ImageNet database</database>
	</source>
	<size>
		<width>333</width>
		<height>500</height>
		<depth>3</depth>
	</size>
	<segmented>0</segmented>
	<object>
		<name>n03804744</name>
		<pose>Unspecified</pose>
		<truncated>0</truncated>
		<difficult>0</difficult>
		<bndbox>
			<xmin>102</xmin>
			<ymin>67</ymin>
			<xmax>197</xmax>
			<ymax>150</ymax>
		</bndbox>
	</object>
	<object>
		<name>n03804744</name>
		<pose>Unspecified</pose>
		<truncated>0</truncated>
		<difficult>0</difficult>
		<bndbox>
			<xmin>130</xmin>
			<ymin>343</ymin>
			<xmax>177</xmax>
			<ymax>388</ymax>
		</bndbox>
	</object>
</annotation>