<annotation>
	<folder>n03804744</folder>
	<filename>n03804744_20484</filename>
	<source>
		<database>ImageNet database</database>
	</source>
	<size>
		<width>500</width>
		<height>375</height>
		<depth>3</depth>
	</size>
	<segmented>0</segmented>
	<object>
		<name>n03804744</name>
		<pose>Unspecified</pose>
		<truncated>0</truncated>
		<difficult>0</difficult>
		<bndbox>
			<xmin>90</xmin>
			<ymin>65</ymin>
			<xmax>462</xmax>
			<ymax>271</ymax>
		</bndbox>
	</object>
	<object>
		<name>n03804744</name>
		<pose>Unspecified</pose>
		<truncated>0</truncated>
		<difficult>0</difficult>
		<bndbox>
			<xmin>200</xmin>
			<ymin>147</ymin>
			<xmax>499</xmax>
			<ymax>332</ymax>
		</bndbox>
	</object>
</annotation>