<annotation>
	<folder>n03804744</folder>
	<filename>n03804744_7545</filename>
	<source>
		<database>ImageNet database</database>
	</source>
	<size>
		<width>500</width>
		<height>375</height>
		<depth>3</depth>
	</size>
	<segmented>0</segmented>
	<object>
		<name>n03804744</name>
		<pose>Unspecified</pose>
		<truncated>0</truncated>
		<difficult>0</difficult>
		<bndbox>
			<xmin>349</xmin>
			<ymin>245</ymin>
			<xmax>462</xmax>
			<ymax>358</ymax>
		</bndbox>
	</object>
	<object>
		<name>n03804744</name>
		<pose>Unspecified</pose>
		<truncated>0</truncated>
		<difficult>0</difficult>
		<bndbox>
			<xmin>93</xmin>
			<ymin>113</ymin>
			<xmax>120</xmax>
			<ymax>130</ymax>
		</bndbox>
	</object>
	<object>
		<name>n03804744</name>
		<pose>Unspecified</pose>
		<truncated>0</truncated>
		<difficult>0</difficult>
		<bndbox>
			<xmin>343</xmin>
			<ymin>0</ymin>
			<xmax>444</xmax>
			<ymax>90</ymax>
		</bndbox>
	</object>
	<object>
		<name>n03804744</name>
		<pose>Unspecified</pose>
		<truncated>0</truncated>
		<difficult>0</difficult>
		<bndbox>
			<xmin>123</xmin>
			<ymin>292</ymin>
			<xmax>226</xmax>
			<ymax>374</ymax>
		</bndbox>
	</object>
	<object>
		<name>n03804744</name>
		<pose>Unspecified</pose>
		<truncated>0</truncated>
		<difficult>0</difficult>
		<bndbox>
			<xmin>105</xmin>
			<ymin>9</ymin>
			<xmax>208</xmax>
			<ymax>114</ymax>
		</bndbox>
	</object>
	<object>
		<name>n03804744</name>
		<pose>Unspecified</pose>
		<truncated>0</truncated>
		<difficult>0</difficult>
		<bndbox>
			<xmin>109</xmin>
			<ymin>292</ymin>
			<xmax>129</xmax>
			<ymax>314</ymax>
		</bndbox>
	</object>
</annotation>