<annotation>
	<folder>n03804744</folder>
	<filename>n03804744_3114</filename>
	<source>
		<database>ImageNet database</database>
	</source>
	<size>
		<width>500</width>
		<height>373</height>
		<depth>3</depth>
	</size>
	<segmented>0</segmented>
	<object>
		<name>n03804744</name>
		<pose>Unspecified</pose>
		<truncated>0</truncated>
		<difficult>0</difficult>
		<bndbox>
			<xmin>206</xmin>
			<ymin>25</ymin>
			<xmax>240</xmax>
			<ymax>204</ymax>
		</bndbox>
	</object>
	<object>
		<name>n03804744</name>
		<pose>Unspecified</pose>
		<truncated>0</truncated>
		<difficult>0</difficult>
		<bndbox>
			<xmin>54</xmin>
			<ymin>149</ymin>
			<xmax>98</xmax>
			<ymax>334</ymax>
		</bndbox>
	</object>
	<object>
		<name>n03804744</name>
		<pose>Unspecified</pose>
		<truncated>0</truncated>
		<difficult>0</difficult>
		<bndbox>
			<xmin>364</xmin>
			<ymin>232</ymin>
			<xmax>459</xmax>
			<ymax>341</ymax>
		</bndbox>
	</object>
</annotation>