<annotation>
	<folder>n03804744</folder>
	<filename>n03804744_9775</filename>
	<source>
		<database>ImageNet database</database>
	</source>
	<size>
		<width>375</width>
		<height>500</height>
		<depth>3</depth>
	</size>
	<segmented>0</segmented>
	<object>
		<name>n03804744</name>
		<pose>Unspecified</pose>
		<truncated>0</truncated>
		<difficult>0</difficult>
		<bndbox>
			<xmin>183</xmin>
			<ymin>17</ymin>
			<xmax>215</xmax>
			<ymax>498</ymax>
		</bndbox>
	</object>
	<object>
		<name>n03804744</name>
		<pose>Unspecified</pose>
		<truncated>0</truncated>
		<difficult>0</difficult>
		<bndbox>
			<xmin>40</xmin>
			<ymin>141</ymin>
			<xmax>277</xmax>
			<ymax>166</ymax>
		</bndbox>
	</object>
	<object>
		<name>n03804744</name>
		<pose>Unspecified</pose>
		<truncated>0</truncated>
		<difficult>0</difficult>
		<bndbox>
			<xmin>115</xmin>
			<ymin>155</ymin>
			<xmax>343</xmax>
			<ymax>180</ymax>
		</bndbox>
	</object>
</annotation>