<annotation>
	<folder>n03804744</folder>
	<filename>n03804744_39695</filename>
	<source>
		<database>ImageNet database</database>
	</source>
	<size>
		<width>1127</width>
		<height>845</height>
		<depth>3</depth>
	</size>
	<segmented>0</segmented>
	<object>
		<name>n03804744</name>
		<pose>Unspecified</pose>
		<truncated>0</truncated>
		<difficult>0</difficult>
		<bndbox>
			<xmin>99</xmin>
			<ymin>116</ymin>
			<xmax>1086</xmax>
			<ymax>280</ymax>
		</bndbox>
	</object>
	<object>
		<name>n03804744</name>
		<pose>Unspecified</pose>
		<truncated>0</truncated>
		<difficult>0</difficult>
		<bndbox>
			<xmin>90</xmin>
			<ymin>312</ymin>
			<xmax>1014</xmax>
			<ymax>783</ymax>
		</bndbox>
	</object>
	<object>
		<name>n03804744</name>
		<pose>Unspecified</pose>
		<truncated>0</truncated>
		<difficult>0</difficult>
		<bndbox>
			<xmin>164</xmin>
			<ymin>272</ymin>
			<xmax>1027</xmax>
			<ymax>422</ymax>
		</bndbox>
	</object>
</annotation>