<annotation>
	<folder>n03804744</folder>
	<filename>n03804744_3732</filename>
	<source>
		<database>ImageNet database</database>
	</source>
	<size>
		<width>450</width>
		<height>473</height>
		<depth>3</depth>
	</size>
	<segmented>0</segmented>
	<object>
		<name>n03804744</name>
		<pose>Unspecified</pose>
		<truncated>0</truncated>
		<difficult>0</difficult>
		<bndbox>
			<xmin>232</xmin>
			<ymin>71</ymin>
			<xmax>296</xmax>
			<ymax>113</ymax>
		</bndbox>
	</object>
	<object>
		<name>n03804744</name>
		<pose>Unspecified</pose>
		<truncated>0</truncated>
		<difficult>0</difficult>
		<bndbox>
			<xmin>86</xmin>
			<ymin>373</ymin>
			<xmax>201</xmax>
			<ymax>436</ymax>
		</bndbox>
	</object>
</annotation>