<annotation>
	<folder>n03804744</folder>
	<filename>n03804744_7520</filename>
	<source>
		<database>ImageNet database</database>
	</source>
	<size>
		<width>480</width>
		<height>362</height>
		<depth>3</depth>
	</size>
	<segmented>0</segmented>
	<object>
		<name>n03804744</name>
		<pose>Unspecified</pose>
		<truncated>0</truncated>
		<difficult>0</difficult>
		<bndbox>
			<xmin>334</xmin>
			<ymin>5</ymin>
			<xmax>469</xmax>
			<ymax>343</ymax>
		</bndbox>
	</object>
	<object>
		<name>n03804744</name>
		<pose>Unspecified</pose>
		<truncated>0</truncated>
		<difficult>0</difficult>
		<bndbox>
			<xmin>239</xmin>
			<ymin>62</ymin>
			<xmax>327</xmax>
			<ymax>319</ymax>
		</bndbox>
	</object>
	<object>
		<name>n03804744</name>
		<pose>Unspecified</pose>
		<truncated>0</truncated>
		<difficult>0</difficult>
		<bndbox>
			<xmin>195</xmin>
			<ymin>116</ymin>
			<xmax>266</xmax>
			<ymax>307</ymax>
		</bndbox>
	</object>
	<object>
		<name>n03804744</name>
		<pose>Unspecified</pose>
		<truncated>0</truncated>
		<difficult>0</difficult>
		<bndbox>
			<xmin>60</xmin>
			<ymin>154</ymin>
			<xmax>127</xmax>
			<ymax>296</ymax>
		</bndbox>
	</object>
</annotation>