<annotation>
	<folder>n03804744</folder>
	<filename>n03804744_6520</filename>
	<source>
		<database>ImageNet database</database>
	</source>
	<size>
		<width>500</width>
		<height>375</height>
		<depth>3</depth>
	</size>
	<segmented>0</segmented>
	<object>
		<name>n03804744</name>
		<pose>Unspecified</pose>
		<truncated>0</truncated>
		<difficult>0</difficult>
		<bndbox>
			<xmin>199</xmin>
			<ymin>165</ymin>
			<xmax>277</xmax>
			<ymax>268</ymax>
		</bndbox>
	</object>
	<object>
		<name>n03804744</name>
		<pose>Unspecified</pose>
		<truncated>0</truncated>
		<difficult>0</difficult>
		<bndbox>
			<xmin>105</xmin>
			<ymin>47</ymin>
			<xmax>342</xmax>
			<ymax>275</ymax>
		</bndbox>
	</object>
	<object>
		<name>n03804744</name>
		<pose>Unspecified</pose>
		<truncated>0</truncated>
		<difficult>0</difficult>
		<bndbox>
			<xmin>260</xmin>
			<ymin>123</ymin>
			<xmax>351</xmax>
			<ymax>205</ymax>
		</bndbox>
	</object>
</annotation>