<annotation>
	<folder>n03804744</folder>
	<filename>n03804744_205</filename>
	<source>
		<database>ImageNet database</database>
	</source>
	<size>
		<width>333</width>
		<height>500</height>
		<depth>3</depth>
	</size>
	<segmented>0</segmented>
	<object>
		<name>n03804744</name>
		<pose>Unspecified</pose>
		<truncated>0</truncated>
		<difficult>0</difficult>
		<bndbox>
			<xmin>103</xmin>
			<ymin>264</ymin>
			<xmax>171</xmax>
			<ymax>406</ymax>
		</bndbox>
	</object>
	<object>
		<name>n03804744</name>
		<pose>Unspecified</pose>
		<truncated>0</truncated>
		<difficult>0</difficult>
		<bndbox>
			<xmin>207</xmin>
			<ymin>132</ymin>
			<xmax>251</xmax>
			<ymax>287</ymax>
		</bndbox>
	</object>
</annotation>