<annotation>
	<folder>n03804744</folder>
	<filename>n03804744_1030</filename>
	<source>
		<database>ImageNet database</database>
	</source>
	<size>
		<width>375</width>
		<height>500</height>
		<depth>3</depth>
	</size>
	<segmented>0</segmented>
	<object>
		<name>n03804744</name>
		<pose>Unspecified</pose>
		<truncated>0</truncated>
		<difficult>0</difficult>
		<bndbox>
			<xmin>126</xmin>
			<ymin>315</ymin>
			<xmax>176</xmax>
			<ymax>418</ymax>
		</bndbox>
	</object>
	<object>
		<name>n03804744</name>
		<pose>Unspecified</pose>
		<truncated>0</truncated>
		<difficult>0</difficult>
		<bndbox>
			<xmin>171</xmin>
			<ymin>260</ymin>
			<xmax>218</xmax>
			<ymax>352</ymax>
		</bndbox>
	</object>
</annotation>