<annotation>
	<folder>n03804744</folder>
	<filename>n03804744_36619</filename>
	<source>
		<database>ImageNet database</database>
	</source>
	<size>
		<width>303</width>
		<height>358</height>
		<depth>3</depth>
	</size>
	<segmented>0</segmented>
	<object>
		<name>n03804744</name>
		<pose>Unspecified</pose>
		<truncated>0</truncated>
		<difficult>0</difficult>
		<bndbox>
			<xmin>204</xmin>
			<ymin>56</ymin>
			<xmax>297</xmax>
			<ymax>220</ymax>
		</bndbox>
	</object>
	<object>
		<name>n03804744</name>
		<pose>Unspecified</pose>
		<truncated>0</truncated>
		<difficult>0</difficult>
		<bndbox>
			<xmin>5</xmin>
			<ymin>86</ymin>
			<xmax>155</xmax>
			<ymax>223</ymax>
		</bndbox>
	</object>
	<object>
		<name>n03804744</name>
		<pose>Unspecified</pose>
		<truncated>0</truncated>
		<difficult>0</difficult>
		<bndbox>
			<xmin>102</xmin>
			<ymin>141</ymin>
			<xmax>251</xmax>
			<ymax>301</ymax>
		</bndbox>
	</object>
</annotation>