<annotation>
	<folder>n03804744</folder>
	<filename>n03804744_2583</filename>
	<source>
		<database>ImageNet database</database>
	</source>
	<size>
		<width>688</width>
		<height>516</height>
		<depth>3</depth>
	</size>
	<segmented>0</segmented>
	<object>
		<name>n03804744</name>
		<pose>Unspecified</pose>
		<truncated>0</truncated>
		<difficult>0</difficult>
		<bndbox>
			<xmin>401</xmin>
			<ymin>91</ymin>
			<xmax>451</xmax>
			<ymax>419</ymax>
		</bndbox>
	</object>
	<object>
		<name>n03804744</name>
		<pose>Unspecified</pose>
		<truncated>0</truncated>
		<difficult>0</difficult>
		<bndbox>
			<xmin>249</xmin>
			<ymin>80</ymin>
			<xmax>290</xmax>
			<ymax>514</ymax>
		</bndbox>
	</object>
</annotation>