<annotation>
	<folder>n02865665</folder>
	<filename>n02865665_590</filename>
	<source>
		<database>ImageNet database</database>
	</source>
	<size>
		<width>500</width>
		<height>333</height>
		<depth>3</depth>
	</size>
	<segmented>0</segmented>
	<object>
		<name>n02865665</name>
		<pose>Unspecified</pose>
		<truncated>0</truncated>
		<difficult>0</difficult>
		<bndbox>
			<xmin>26</xmin>
			<ymin>40</ymin>
			<xmax>206</xmax>
			<ymax>165</ymax>
		</bndbox>
	</object>
	<object>
		<name>n02865665</name>
		<pose>Unspecified</pose>
		<truncated>0</truncated>
		<difficult>0</difficult>
		<bndbox>
			<xmin>169</xmin>
			<ymin>149</ymin>
			<xmax>448</xmax>
			<ymax>320</ymax>
		</bndbox>
	</object>
</annotation>