<annotation>
	<folder>n02865665</folder>
	<filename>n02865665_5781</filename>
	<source>
		<database>ImageNet database</database>
	</source>
	<size>
		<width>500</width>
		<height>375</height>
		<depth>3</depth>
	</size>
	<segmented>0</segmented>
	<object>
		<name>n02865665</name>
		<pose>Unspecified</pose>
		<truncated>0</truncated>
		<difficult>0</difficult>
		<bndbox>
			<xmin>356</xmin>
			<ymin>112</ymin>
			<xmax>456</xmax>
			<ymax>221</ymax>
		</bndbox>
	</object>
	<object>
		<name>n02865665</name>
		<pose>Unspecified</pose>
		<truncated>0</truncated>
		<difficult>0</difficult>
		<bndbox>
			<xmin>20</xmin>
			<ymin>129</ymin>
			<xmax>130</xmax>
			<ymax>237</ymax>
		</bndbox>
	</object>
</annotation>