<annotation>
	<folder>n02865665</folder>
	<filename>n02865665_2037</filename>
	<source>
		<database>ImageNet database</database>
	</source>
	<size>
		<width>375</width>
		<height>500</height>
		<depth>3</depth>
	</size>
	<segmented>0</segmented>
	<object>
		<name>n02865665</name>
		<pose>Unspecified</pose>
		<truncated>0</truncated>
		<difficult>0</difficult>
		<bndbox>
			<xmin>151</xmin>
			<ymin>417</ymin>
			<xmax>193</xmax>
			<ymax>470</ymax>
		</bndbox>
	</object>
	<object>
		<name>n02865665</name>
		<pose>Unspecified</pose>
		<truncated>0</truncated>
		<difficult>0</difficult>
		<bndbox>
			<xmin>148</xmin>
			<ymin>97</ymin>
			<xmax>195</xmax>
			<ymax>155</ymax>
		</bndbox>
	</object>
</annotation>