<annotation>
	<folder>n02865665</folder>
	<filename>n02865665_4435</filename>
	<source>
		<database>ImageNet database</database>
	</source>
	<size>
		<width>500</width>
		<height>328</height>
		<depth>3</depth>
	</size>
	<segmented>0</segmented>
	<object>
		<name>n02865665</name>
		<pose>Unspecified</pose>
		<truncated>0</truncated>
		<difficult>0</difficult>
		<bndbox>
			<xmin>189</xmin>
			<ymin>146</ymin>
			<xmax>240</xmax>
			<ymax>257</ymax>
		</bndbox>
	</object>
	<object>
		<name>n02865665</name>
		<pose>Unspecified</pose>
		<truncated>0</truncated>
		<difficult>0</difficult>
		<bndbox>
			<xmin>69</xmin>
			<ymin>105</ymin>
			<xmax>138</xmax>
			<ymax>259</ymax>
		</bndbox>
	</object>
</annotation>