<annotation>
	<folder>n02865665</folder>
	<filename>n02865665_3463</filename>
	<source>
		<database>ImageNet database</database>
	</source>
	<size>
		<width>500</width>
		<height>250</height>
		<depth>3</depth>
	</size>
	<segmented>0</segmented>
	<object>
		<name>n02865665</name>
		<pose>Unspecified</pose>
		<truncated>0</truncated>
		<difficult>0</difficult>
		<bndbox>
			<xmin>31</xmin>
			<ymin>55</ymin>
			<xmax>151</xmax>
			<ymax>210</ymax>
		</bndbox>
	</object>
	<object>
		<name>n02865665</name>
		<pose>Unspecified</pose>
		<truncated>0</truncated>
		<difficult>0</difficult>
		<bndbox>
			<xmin>302</xmin>
			<ymin>21</ymin>
			<xmax>472</xmax>
			<ymax>209</ymax>
		</bndbox>
	</object>
	<object>
		<name>n02865665</name>
		<pose>Unspecified</pose>
		<truncated>0</truncated>
		<difficult>0</difficult>
		<bndbox>
			<xmin>165</xmin>
			<ymin>43</ymin>
			<xmax>319</xmax>
			<ymax>221</ymax>
		</bndbox>
	</object>
</annotation>