<annotation>
	<folder>n04153751</folder>
	<filename>n04153751_1506</filename>
	<source>
		<database>ImageNet database</database>
	</source>
	<size>
		<width>282</width>
		<height>212</height>
		<depth>3</depth>
	</size>
	<segmented>0</segmented>
	<object>
		<name>n04153751</name>
		<pose>Unspecified</pose>
		<truncated>0</truncated>
		<difficult>0</difficult>
		<bndbox>
			<xmin>141</xmin>
			<ymin>110</ymin>
			<xmax>181</xmax>
			<ymax>168</ymax>
		</bndbox>
	</object>
	<object>
		<name>n04153751</name>
		<pose>Unspecified</pose>
		<truncated>0</truncated>
		<difficult>0</difficult>
		<bndbox>
			<xmin>87</xmin>
			<ymin>99</ymin>
			<xmax>144</xmax>
			<ymax>150</ymax>
		</bndbox>
	</object>
	<object>
		<name>n04153751</name>
		<pose>Unspecified</pose>
		<truncated>0</truncated>
		<difficult>0</difficult>
		<bndbox>
			<xmin>110</xmin>
			<ymin>54</ymin>
			<xmax>152</xmax>
			<ymax>100</ymax>
		</bndbox>
	</object>
	<object>
		<name>n04153751</name>
		<pose>Unspecified</pose>
		<truncated>0</truncated>
		<difficult>0</difficult>
		<bndbox>
			<xmin>160</xmin>
			<ymin>71</ymin>
			<xmax>205</xmax>
			<ymax>110</ymax>
		</bndbox>
	</object>
</annotation>