<annotation>
	<folder>n04153751</folder>
	<filename>n04153751_26811</filename>
	<source>
		<database>ImageNet database</database>
	</source>
	<size>
		<width>500</width>
		<height>375</height>
		<depth>3</depth>
	</size>
	<segmented>0</segmented>
	<object>
		<name>n04153751</name>
		<pose>Unspecified</pose>
		<truncated>0</truncated>
		<difficult>0</difficult>
		<bndbox>
			<xmin>401</xmin>
			<ymin>230</ymin>
			<xmax>415</xmax>
			<ymax>248</ymax>
		</bndbox>
	</object>
	<object>
		<name>n04153751</name>
		<pose>Unspecified</pose>
		<truncated>0</truncated>
		<difficult>0</difficult>
		<bndbox>
			<xmin>378</xmin>
			<ymin>77</ymin>
			<xmax>393</xmax>
			<ymax>92</ymax>
		</bndbox>
	</object>
	<object>
		<name>n04153751</name>
		<pose>Unspecified</pose>
		<truncated>0</truncated>
		<difficult>0</difficult>
		<bndbox>
			<xmin>269</xmin>
			<ymin>228</ymin>
			<xmax>297</xmax>
			<ymax>254</ymax>
		</bndbox>
	</object>
	<object>
		<name>n04153751</name>
		<pose>Unspecified</pose>
		<truncated>0</truncated>
		<difficult>0</difficult>
		<bndbox>
			<xmin>203</xmin>
			<ymin>211</ymin>
			<xmax>217</xmax>
			<ymax>227</ymax>
		</bndbox>
	</object>
	<object>
		<name>n04153751</name>
		<pose>Unspecified</pose>
		<truncated>0</truncated>
		<difficult>0</difficult>
		<bndbox>
			<xmin>81</xmin>
			<ymin>78</ymin>
			<xmax>109</xmax>
			<ymax>110</ymax>
		</bndbox>
	</object>
</annotation>