<annotation>
	<folder>n04153751</folder>
	<filename>n04153751_1770</filename>
	<source>
		<database>ImageNet database</database>
	</source>
	<size>
		<width>500</width>
		<height>389</height>
		<depth>3</depth>
	</size>
	<segmented>0</segmented>
	<object>
		<name>n04153751</name>
		<pose>Unspecified</pose>
		<truncated>0</truncated>
		<difficult>0</difficult>
		<bndbox>
			<xmin>58</xmin>
			<ymin>153</ymin>
			<xmax>444</xmax>
			<ymax>255</ymax>
		</bndbox>
	</object>
	<object>
		<name>n04153751</name>
		<pose>Unspecified</pose>
		<truncated>0</truncated>
		<difficult>0</difficult>
		<bndbox>
			<xmin>131</xmin>
			<ymin>92</ymin>
			<xmax>297</xmax>
			<ymax>193</ymax>
		</bndbox>
	</object>
	<object>
		<name>n04153751</name>
		<pose>Unspecified</pose>
		<truncated>0</truncated>
		<difficult>0</difficult>
		<bndbox>
			<xmin>149</xmin>
			<ymin>193</ymin>
			<xmax>261</xmax>
			<ymax>355</ymax>
		</bndbox>
	</object>
</annotation>