<annotation>
	<folder>n04153751</folder>
	<filename>n04153751_10167</filename>
	<source>
		<database>ImageNet database</database>
	</source>
	<size>
		<width>500</width>
		<height>375</height>
		<depth>3</depth>
	</size>
	<segmented>0</segmented>
	<object>
		<name>n04153751</name>
		<pose>Unspecified</pose>
		<truncated>0</truncated>
		<difficult>0</difficult>
		<bndbox>
			<xmin>245</xmin>
			<ymin>35</ymin>
			<xmax>326</xmax>
			<ymax>165</ymax>
		</bndbox>
	</object>
	<object>
		<name>n04153751</name>
		<pose>Unspecified</pose>
		<truncated>0</truncated>
		<difficult>0</difficult>
		<bndbox>
			<xmin>241</xmin>
			<ymin>156</ymin>
			<xmax>289</xmax>
			<ymax>262</ymax>
		</bndbox>
	</object>
	<object>
		<name>n04153751</name>
		<pose>Unspecified</pose>
		<truncated>0</truncated>
		<difficult>0</difficult>
		<bndbox>
			<xmin>220</xmin>
			<ymin>264</ymin>
			<xmax>270</xmax>
			<ymax>341</ymax>
		</bndbox>
	</object>
</annotation>