<annotation>
	<folder>n04153751</folder>
	<filename>n04153751_11829</filename>
	<source>
		<database>ImageNet database</database>
	</source>
	<size>
		<width>500</width>
		<height>315</height>
		<depth>3</depth>
	</size>
	<segmented>0</segmented>
	<object>
		<name>n04153751</name>
		<pose>Unspecified</pose>
		<truncated>0</truncated>
		<difficult>0</difficult>
		<bndbox>
			<xmin>353</xmin>
			<ymin>86</ymin>
			<xmax>446</xmax>
			<ymax>191</ymax>
		</bndbox>
	</object>
	<object>
		<name>n04153751</name>
		<pose>Unspecified</pose>
		<truncated>0</truncated>
		<difficult>0</difficult>
		<bndbox>
			<xmin>150</xmin>
			<ymin>82</ymin>
			<xmax>261</xmax>
			<ymax>198</ymax>
		</bndbox>
	</object>
	<object>
		<name>n04153751</name>
		<pose>Unspecified</pose>
		<truncated>0</truncated>
		<difficult>0</difficult>
		<bndbox>
			<xmin>259</xmin>
			<ymin>90</ymin>
			<xmax>352</xmax>
			<ymax>194</ymax>
		</bndbox>
	</object>
	<object>
		<name>n04153751</name>
		<pose>Unspecified</pose>
		<truncated>0</truncated>
		<difficult>0</difficult>
		<bndbox>
			<xmin>47</xmin>
			<ymin>87</ymin>
			<xmax>148</xmax>
			<ymax>204</ymax>
		</bndbox>
	</object>
</annotation>